ID_CAMARA	LUGAR_INFR	AMBITO	TIPOVIA	VIA	NUMERO_PK	UTM_X	UTM_Y	LATITUD	LONGITUD
1	C Pedro Rico 213	Interior M-30	Calle	Pedro Rico	213	441,555.75	4,481,256.59	40.48	-3.69
2	Po Castellana 259 C1	Interior M-30	Paseo	Castellana	259	441,861.02	4,481,195.27	40.48	-3.69
3	Po Castellana 259 C2	Interior M-30	Paseo	Castellana	259	441,861.02	4,481,195.27	40.48	-3.69
4	Po Castellana 259 VS	Interior M-30	Paseo	Castellana	259	441,861.02	4,481,195.27	40.48	-3.69
5	C Mauricio Legendre - Verjas	Interior M-30	Calle	Mauricio Legendre	0	442,067.70	4,481,296.23	40.48	-3.68
6	Av Burgos - frente n38	Interior M-30	Avenida	Burgos	0	442,723.26	4,481,206.71	40.48	-3.68
7	Salida M30 Tunel Pio XII	Interior M-30	Avenida	Pio XII	0	442,869.02	4,480,479.39	40.47	-3.67
8	Av Burgos 8	Interior M-30	Avenida	Burgos	8	442,718.17	4,480,485.98	40.47	-3.68
9	Av Pio XII 100	Interior M-30	Avenida	Pio XII	100	442,678.44	4,480,467.86	40.47	-3.68
10	Av Pio XII - entrada tunel	Interior M-30	Avenida	Pio XII	0	442,652.56	4,480,464.17	40.47	-3.68
11	Av Burgos 9	Interior M-30	Avenida	Burgos	9	442,689.21	4,480,302.05	40.47	-3.68
12	Av Pio XII - frente n98	Interior M-30	Avenida	Pio XII	0	442,743.37	4,480,400.55	40.47	-3.68
13	Av Pio XII 77	Interior M-30	Avenida	Pio XII	77	442,902.48	4,479,983.68	40.47	-3.67
14	Cta Sagrado Corazón 2 C1	Interior M-30	Cuesta	Sagrado Corazón	2	443,049.74	4,479,742.81	40.47	-3.67
15	Cta Sagrado Corazón 2 C2	Interior M-30	Cuesta	Sagrado Corazón	2	443,049.74	4,479,742.81	40.47	-3.67
16	C Costa Rica 17 C1	Interior M-30	Calle	Costa Rica	17	443,095.10	4,478,873.41	40.46	-3.67
17	C Costa Rica 17 C2	Interior M-30	Calle	Costa Rica	17	443,095.10	4,478,873.41	40.46	-3.67
18	Av Alfonso XIII - frente n7	Interior M-30	Avenida	Alfonso XIII	0	443,314.85	4,478,970.08	40.46	-3.67
19	C Federico Salmón 34	Interior M-30	Calle	Federico Salmón	34	443,343.14	4,478,976.86	40.46	-3.67
20	Av Alfonso XIII 113	Interior M-30	Calle	Alfonso XIII	113	443,366.47	4,478,889.32	40.46	-3.67
21	Av Ramón y Cajal 81 C1	Interior M-30	Avenida	Av Ramón y Cajal	81	443,522.52	4,478,195.90	40.45	-3.67
22	Av Ramón y Cajal 81 C2	Interior M-30	Avenida	Av Ramón y Cajal	81	443,522.52	4,478,195.90	40.45	-3.67
23	Po Cerezos - Av. Ramon Cajal	Interior M-30	Paseo	Cerezos	0	443,593.17	4,478,220.12	40.45	-3.67
24	Av America VS - A2PK4.000 ENT	Interior M-30	Avenida	América	4	443,599.12	4,477,164.30	40.44	-3.67
25	Av America - A2PK4.000 ENT C1	Interior M-30	Avenida	América	4	443,605.73	4,477,152.26	40.44	-3.66
26	Av America - A2PK4.000 ENT C2	Interior M-30	Avenida	América	4	443,605.73	4,477,152.26	40.44	-3.66
27	Av Brasilia 33	Interior M-30	Avenida	Brasilia	33	443,913.71	4,476,907.07	40.44	-3.66
28	Av Brasilia - junto n31	Interior M-30	Avenida	Brasilia	31	443,917.46	4,476,773.28	40.44	-3.66
29	Av Bonn - junto n23	Interior M-30	Avenida	Bonn	23	443,917.13	4,476,649.40	40.44	-3.66
30	Av Brasilia 11	Interior M-30	Avenida	Brasilia	11	443,921.94	4,476,601.18	40.44	-3.66
31	C Brescia - junto n19	Interior M-30	Calle	Brescia	19	443,907.75	4,476,416.80	40.44	-3.66
32	C Roberto Domingo 3	Interior M-30	Calle	Roberto Domingo	3	443,925.44	4,476,253.26	40.44	-3.66
33	C Alcala - Roberto Domingo C1	Interior M-30	Calle	Roberto Domingo	0	443,859.22	4,475,848.48	40.43	-3.66
34	C Alcala - Roberto Domingo C2	Interior M-30	Calle	Roberto Domingo	0	443,859.22	4,475,848.48	40.43	-3.66
35	C Alcala 239 - Roberto Domingo	Interior M-30	Calle	Roberto Domingo	239	443,885.74	4,475,855.94	40.43	-3.66
36	C ODonnell 65 C1	Interior M-30	Calle	O´Donnell	65	443,314.23	4,474,706.55	40.42	-3.67
37	C ODonnell 65 C2	Interior M-30	Calle	O´Donnell	65	443,314.23	4,474,706.55	40.42	-3.67
38	C Alcalde Sainz de Baranda C1	Interior M-30	Calle	Alcalde Sainz de Baranda	0	443,554.41	4,474,549.67	40.42	-3.67
39	C Alcalde Sainz de Baranda C2	Interior M-30	Calle	Alcalde Sainz de Baranda	0	443,554.41	4,474,549.67	40.42	-3.67
40	C Estrella Polar 19 C1	Interior M-30	Calle	Estrella Polar	19	443,647.48	4,473,601.42	40.41	-3.66
41	C Estrella Polar 19 C2	Interior M-30	Calle	Estrella Polar	19	443,647.48	4,473,601.42	40.41	-3.66
42	C Sirio 64	Interior M-30	Calle	Sirio	64	443,567.10	4,473,383.23	40.41	-3.67
43	C Pez Volador - frente n32	Interior M-30	Calle	Pez Volador	32	443,804.64	4,473,931.83	40.41	-3.66
44	C Doctor Esquerdo 161 C1	Interior M-30	Calle	Doctor Esquerdo	161	443,156.72	4,473,301.08	40.41	-3.67
45	C Doctor Esquerdo 161 C2	Interior M-30	Calle	Doctor Esquerdo	161	443,156.72	4,473,301.08	40.41	-3.67
46	Av Mediterraneo 39	Interior M-30	Avenida	Mediterráneo	39	443,080.33	4,473,130.82	40.41	-3.67
47	Av Mediterraneo 33 C1	Interior M-30	Avenida	Mediterráneo	33	442,917.25	4,473,155.60	40.41	-3.67
48	Av Mediterraneo 33 C2	Interior M-30	Avenida	Mediterráneo	33	442,917.25	4,473,155.60	40.41	-3.67
49	C Doctor Esquerdo 132 C1	Interior M-30	Calle	Doctor Esquerdo	132	443,100.91	4,473,058.73	40.41	-3.67
50	C Doctor Esquerdo 132 C2	Interior M-30	Calle	Doctor Esquerdo	132	443,100.91	4,473,058.73	40.41	-3.67
51	C Carlos y Guillermo Fdez. 5	Interior M-30	Calle	Carlos y Guillermo Fernández	5	443,309.52	4,472,861.12	40.40	-3.67
52	C Luis Mitjans 43	Interior M-30	Calle	Luis Mitjan	43	443,288.31	4,472,839.41	40.40	-3.67
53	Av Ciudad de Barcelona 115	Interior M-30	Avenida	Av Ciudad de Barcelona	115	443,182.07	4,472,212.70	40.40	-3.67
54	C Gandía - Av De la Paz C1	Interior M-30	Calle	Gandía	0	443,134.76	4,472,117.04	40.40	-3.67
55	C Gandía - Av De la Paz C2	Interior M-30	Calle	Gandía	0	443,134.76	4,472,117.04	40.40	-3.67
56	C Triquet 8	Interior M-30	Calle	Triquet	8	443,256.94	4,472,349.67	40.40	-3.67
57	C Retama 7	Interior M-30	Calle	Retama	7	442,567.71	4,471,623.72	40.39	-3.68
58	C Méndez Álvaro 80 C1	Interior M-30	Calle	Méndez Álvaro	80	442,519.52	4,471,614.99	40.39	-3.68
59	C Méndez Álvaro 80 C2	Interior M-30	Calle	Méndez Álvaro	80	442,519.52	4,471,614.99	40.39	-3.68
60	C Titán - C Mendez Alvaro	Interior M-30	Calle	Titán	0	442,513.03	4,471,554.76	40.39	-3.68
61	Av Planetario 45	Interior M-30	Avenida	Planetario	45	441,706.66	4,471,208.21	40.39	-3.69
62	C Puerto Serrano 2	Interior M-30	Calle	Puerto Serrano	2	441,557.15	4,471,085.92	40.39	-3.69
63	C Puerto de Bejar 2	Interior M-30	Calle	Puerto de Bejar	2	441,489.87	4,470,858.56	40.39	-3.69
64	C Embajadores - Puerto Bejar	Interior M-30	Calle	Embajadores	0	441,485.77	4,470,855.93	40.39	-3.69
65	C Embajadores 187	Interior M-30	Calle	Embajadores	187	441,302.89	4,471,175.94	40.39	-3.69
66	C Embajadores 181	Interior M-30	Calle	Embajadores	181	441,210.89	4,471,382.36	40.39	-3.69
67	C Maestro Arbós 33 C1	Interior M-30	Calle	Maestro Arbós	33	440,980.33	4,471,054.70	40.39	-3.70
68	C Maestro Arbós 33 C2	Interior M-30	Calle	Maestro Arbós	33	440,980.33	4,471,054.70	40.39	-3.70
69	Po Molino - frente n1 C1	Interior M-30	Paseo	Molino	0	441,054.44	4,471,358.39	40.39	-3.69
70	Po Molino - frente n1 C2	Interior M-30	Paseo	Molino	0	441,054.44	4,471,358.39	40.39	-3.69
71	C Manuel Aleixandre 2	Interior M-30	Calle	Manuel Aleixandre	2	441,057.08	4,471,391.78	40.39	-3.69
72	Po Delicias 145 C1	Interior M-30	Paseo	Delicias	145	441,022.05	4,471,459.55	40.39	-3.69
73	Po Delicias 145 C2	Interior M-30	Paseo	Delicias	145	441,022.05	4,471,459.55	40.39	-3.69
74	Po Chopera 75	Interior M-30	Paseo	Chopera	75	440,969.81	4,471,455.18	40.39	-3.70
75	Po Sta M de la Cabeza 85 C1	Interior M-30	Paseo	Santa María de la Cabeza	85	440,404.79	4,472,117.36	40.40	-3.70
76	Po Sta M de la Cabeza 85 C2	Interior M-30	Paseo	Santa María de la Cabeza	85	440,404.79	4,472,117.36	40.40	-3.70
77	Po Acacias 65	Interior M-30	Paseo	Acacias	65	439,538.55	4,472,572.31	40.40	-3.71
78	C Toledo 171	Interior M-30	Calle	Toledo	171	439,441.67	4,472,629.04	40.40	-3.71
79	Po Imperial 89	Interior M-30	Paseo	Imperial	89	439,314.27	4,472,658.38	40.40	-3.72
80	Po Melancólicos - junto n32 C1	Interior M-30	Paseo	Melancólicos	32	439,160.08	4,472,544.18	40.40	-3.72
81	Po Melancólicos - junto n32 C2	Interior M-30	Paseo	Melancólicos	32	439,160.08	4,472,544.18	40.40	-3.72
82	Po Yeserías - junto Gta. Piramides	Interior M-30	Paseo	Yeserías	0	439,415.77	4,472,459.08	40.40	-3.71
83	Pte San Isidro - Ermita Santo	Interior M-30	Puente	Pte San Isidro	0	438,829.55	4,472,837.71	40.40	-3.72
84	Po Virgen Puerto - P. Segovia	Interior M-30	Paseo	Virgen del Puerto	0	438,844.98	4,473,980.18	40.41	-3.72
85	C Segovia 73 C1	Interior M-30	Calle	Segovia	73	438,854.54	4,473,945.46	40.41	-3.72
86	C Segovia 73 C2	Interior M-30	Calle	Segovia	73	438,854.54	4,473,945.46	40.41	-3.72
87	C Manzanares 35	Interior M-30	Calle	Manzanares	35	438,822.95	4,473,818.06	40.41	-3.72
88	A5 - Gta San Vicente C1	Interior M-30	Carretera	A5-Pta San Vicente	0	438,882.34	4,474,504.49	40.42	-3.72
89	A5 - Gta San Vicente C2	Interior M-30	Carretera	A5-Pta San Vicente	0	438,882.34	4,474,504.49	40.42	-3.72
90	Cta S Vicente - frente n8 C1	Interior M-30	Calle	San Vicente	8	439,451.26	4,474,773.28	40.42	-3.71
91	Cta S Vicente - frente n8 C2	Interior M-30	Calle	San Vicente	8	439,451.26	4,474,773.28	40.42	-3.71
92	C San Pol de Mar 2	Interior M-30	Calle	San Pol de Mar	2	438,327.34	4,475,117.81	40.42	-3.73
93	Av Valladolid 83	Interior M-30	Avenida	Valladolid	83	437,716.12	4,476,171.65	40.43	-3.73
94	Av Séneca - frente n14	Interior M-30	Avenida	Séneca	14	437,913.65	4,476,259.94	40.43	-3.73
95	Entrada Po. Senda del Rey	Interior M-30	Paseo	Senda del Rey	0	437,758.08	4,476,239.57	40.43	-3.73
96	Entrada Po. Ruperto Chapí	Interior M-30	Paseo	Ruperto Chapí	0	437,942.20	4,476,164.45	40.43	-3.73
97	A6PK5.300D ENT C1	Interior M-30	Carretera	A6	0	437,942.20	4,476,164.46	40.45	-3.73
98	A6PK5.300D ENT C2	Interior M-30	Carretera	A6	0	437,942.20	4,476,164.46	40.45	-3.73
99	Ctra Dehesa de la Villa sn C1	Interior M-30	Carretera	Dehesa de la villa	0	438,066.71	4,478,644.44	40.46	-3.73
100	Ctra Dehesa de la Villa sn C2	Interior M-30	Carretera	Dehesa de la villa	0	438,066.71	4,478,644.44	40.46	-3.73
101	C Dr Ramón Castroviejo 97	Interior M-30	Calle	Doctor Ramón Castroviejo	97	437,718.48	4,480,482.30	40.47	-3.73
102	C Dr Juan José López Ibor 31	Interior M-30	Calle	Juan José López Ibor	31	438,248.30	4,480,437.94	40.47	-3.73
103	C Valle de Mena 365	Interior M-30	Calle	Valle de Mena	365	438,282.70	4,480,456.53	40.47	-3.73
104	C Dr Ramón Castroviejo 77	Interior M-30	Calle	Doctor Ramón Castroviejo	77	438,295.88	4,480,481.18	40.47	-3.73
105	C Cesar Manrique 11	Interior M-30	Calle	Cesar Manrique	11	438,875.04	4,480,696.89	40.47	-3.72
106	C Monforte de Lemos 193	Interior M-30	Calle	Monforte de Lemos	193	438,977.98	4,480,845.91	40.48	-3.72
107	Camino de Ganapanes sn	Interior M-30	Camino	Ganapanes	0	439,288.52	4,481,004.90	40.48	-3.72
108	C Dr Ramon Castroviejo 25	Interior M-30	Calle	Doctor Ramón Castroviejo	25	439,340.36	4,481,167.10	40.48	-3.72
109	Av Betanzos 69	Interior M-30	Avenida	Betanzos	69	439,581.63	4,481,223.00	40.48	-3.71
110	C Ginzo de Limia 43	Interior M-30	Calle	Ginzo de Lima	43	440,249.41	4,481,392.24	40.48	-3.70
111	C Finisterre 31	Interior M-30	Calle	Finisterre	31	440,410.28	4,481,326.46	40.48	-3.70
112	Po Castellana 167 C1	Interior M-30	Paseo	Castellana	167	441,533.97	4,479,260.97	40.46	-3.69
113	Po Castellana 167 C2	Interior M-30	Paseo	Castellana	167	441,533.97	4,479,260.97	40.46	-3.69
114	Po Castellana 105 C1	Interior M-30	Paseo	Castellana	105	441,467.09	4,478,427.28	40.45	-3.69
115	Po Castellana 105 C2	Interior M-30	Paseo	Castellana	105	441,467.09	4,478,427.28	40.45	-3.69
116	Po Recoletos 20 C1	Interior M-30	Paseo	Recoletos	20	441,379.61	4,474,984.96	40.42	-3.69
117	Po Recoletos 20 C2	Interior M-30	Paseo	Recoletos	20	441,379.61	4,474,984.96	40.42	-3.69
118	Po Recoletos 31	Interior M-30	Paseo	Recoletos	31	441,369.47	4,474,989.59	40.42	-3.69
119	C Velazquez 70 C1	Interior M-30	Calle	Velazquez	70	441,998.33	4,475,599.90	40.43	-3.68
120	C Velazquez 70 C2	Interior M-30	Calle	Velazquez	70	441,998.33	4,475,599.90	40.43	-3.68
121	C Monforte de Lemos 85 C1	Interior M-30	Calle	Monforte de Lemos	85	440,481.11	4,481,257.96	40.48	-3.70
122	C Monforte de Lemos 85 C2	Interior M-30	Calle	Monforte de Lemos	85	440,481.11	4,481,257.96	40.48	-3.70
123	C Serrano 127 C1	Interior M-30	Calle	Serrano	127	441,829.23	4,477,070.51	40.44	-3.69
124	C Serrano 127 C2	Interior M-30	Calle	Serrano	127	441,829.23	4,477,070.51	40.44	-3.69
125	C Francisco Silvela 67 C1	Interior M-30	Calle	Francisco Silvela	67	442,722.81	4,476,293.89	40.44	-3.68
126	C Francisco Silvela 67 C2	Interior M-30	Calle	Francisco Silvela	67	442,722.81	4,476,293.89	40.44	-3.68
127	C Principe de Vergara 135 C1	Interior M-30	Calle	Principe de Vergara	135	442,464.38	4,477,301.14	40.44	-3.68
128	C Principe de Vergara 135 C2	Interior M-30	Calle	Principe de Vergara	135	442,464.38	4,477,301.14	40.44	-3.68
129	C Principe de Vergara 136 C1	Interior M-30	Calle	Principe de Vergara	136	442,470.77	4,477,271.56	40.44	-3.68
130	C Principe de Vergara 136 C2	Interior M-30	Calle	Principe de Vergara	136	442,470.77	4,477,271.56	40.44	-3.68
131	C Alberto Alcocer 43 C1	Interior M-30	Calle	Alberto Alcocer	43	442,311.17	4,478,891.27	40.46	-3.68
132	C Alberto Alcocer 43 C2	Interior M-30	Calle	Alberto Alcocer	43	442,311.17	4,478,891.27	40.46	-3.68
133	C Alberto Alcocer 44 C1	Interior M-30	Calle	Alberto Alcocer	44	442,288.66	4,478,874.46	40.46	-3.68
134	C Alberto Alcocer 44 C2	Interior M-30	Calle	Alberto Alcocer	44	442,288.66	4,478,874.46	40.46	-3.68
135	Av Alfonso XII 44	Interior M-30	Avenida	Alfonso XIII	44	443,405.90	4,478,163.89	40.45	-3.67
136	Av Alfonso XII 43	Interior M-30	Avenida	Alfonso XIII	43	443,403.88	4,478,192.01	40.45	-3.67
137	Av PIo XII 46	Interior M-30	Avenida	Pio XII	46	442,902.48	4,479,976.95	40.47	-3.67
138	C Mateo Inurria 26	Interior M-30	Calle	Mateo Inurria	26	442,095.40	4,479,849.80	40.47	-3.68
139	C Mateo Inurria 27	Interior M-30	Calle	Mateo Inurria	27	442,111.45	4,479,857.68	40.47	-3.68
140	C ODonnell 25	Interior M-30	Calle	O´Donnell	25	442,536.12	4,474,778.42	40.42	-3.68
141	C ODonnell 12	Interior M-30	Calle	O´Donnell	12	442,515.03	4,474,771.92	40.42	-3.68
142	C Doctor Esquerdo 111 C1	Interior M-30	Calle	Doctor Esquerdo	111	443,200.70	4,473,954.57	40.41	-3.67
143	C Doctor Esquerdo 111 C2	Interior M-30	Calle	Doctor Esquerdo	111	443,200.70	4,473,954.57	40.41	-3.67
144	C Doctor Esquerdo 62 C1	Interior M-30	Calle	Doctor Esquerdo	62	443,192.78	4,474,073.63	40.42	-3.67
145	C Doctor Esquerdo 62 C2	Interior M-30	Calle	Doctor Esquerdo	62	443,192.78	4,474,073.63	40.42	-3.67
146	Av Menendez Pelayo 65 C1	Interior M-30	Avenida	Menendez Pelayo	65	442,538.70	4,473,984.81	40.41	-3.68
147	Av Menendez Pelayo 65 C2	Interior M-30	Avenida	Menendez Pelayo	65	442,538.70	4,473,984.81	40.41	-3.68
148	Po Virgen del Puerto 4	Interior M-30	Paseo	Virgen del Puerto	4	438,849.40	4,474,137.77	40.42	-3.72
149	Av Ciudad de Barcelona 138	Interior M-30	Avenida	Av Ciudad de Barcelona	138	442,324.01	4,472,791.04	40.40	-3.68
150	C Méndez Álvaro 51 C1	Interior M-30	Calle	Méndez Álvaro	51	441,989.36	4,472,235.48	40.40	-3.68
151	C Méndez Álvaro 51 C2	Interior M-30	Calle	Méndez Álvaro	51	441,989.36	4,472,235.48	40.40	-3.68
152	C Méndez Álvaro 44 C1	Interior M-30	Calle	Méndez Álvaro	44	441,962.01	4,472,244.69	40.40	-3.68
153	C Méndez Álvaro 44 C2	Interior M-30	Calle	Méndez Álvaro	44	441,962.01	4,472,244.69	40.40	-3.68
154	Po Delicias 34 C1	Interior M-30	Paseo	De las Delicias	34	441,147.58	4,472,834.04	40.40	-3.69
155	Po Delicias 34 C2	Interior M-30	Paseo	De las Delicias	34	441,147.58	4,472,834.04	40.40	-3.69
156	C Embajadores 151	Interior M-30	Calle	Embajadores	151	440,932.89	4,471,961.66	40.40	-3.70
157	C Embajadores 160	Interior M-30	Calle	Embajadores	160	440,902.39	4,472,000.86	40.40	-3.70
158	C Alcalá 104	Interior M-30	Calle	Alcalá	104	442,801.56	4,475,190.11	40.43	-3.67
159	C Alcalá 161	Interior M-30	Calle	Alcalá	161	442,837.71	4,475,224.20	40.43	-3.67
160	C Bravo MurIllo 200	Interior M-30	Calle	Bravo Murilla	200	440,464.82	4,478,632.86	40.46	-3.70
161	C Bravo Murillo 217	Interior M-30	Calle	BravoMurillo	217	440,461.27	4,478,655.20	40.46	-3.70
162	C Ofelia Nieto 23	Interior M-30	Calle	Ofelia Nieto	23	439,783.87	4,478,997.98	40.46	-3.71
163	C Ofelia Nieto 20	Interior M-30	Calle	Ofelia Nieto	20	439,790.22	4,478,986.61	40.46	-3.71
164	C Raimundo F Villaverde 47 C1	Interior M-30	Calle	Raimundo Fernández Villaverde	47	440,899.90	4,477,560.09	40.45	-3.70
165	C Raimundo F Villaverde 47 C2	Interior M-30	Calle	Raimundo Fernández Villaverde	47	440,899.90	4,477,560.09	40.45	-3.70
166	C Raimundo F Villaverde 44 C1	Interior M-30	Calle	Raimundo Fernández Villaverde	44	440,867.65	4,477,546.58	40.45	-3.70
167	C Raimundo F Villaverde 44 C2	Interior M-30	Calle	Raimundo Fernández Villaverde	44	440,867.65	4,477,546.58	40.45	-3.70
168	C Alberto Aguilera 30	Interior M-30	Calle	Alberto Aguilera	30	439,723.11	4,475,746.07	40.43	-3.71
169	C Princesa 20	Interior M-30	Calle	de la Princesa	20	439,493.72	4,475,356.17	40.43	-3.71
170	C Princesa 19	Interior M-30	Calle	de la Princesa	19	439,497.64	4,475,326.50	40.43	-3.71
171	C Toledo 142	Interior M-30	Calle	Toledo	142	439,473.73	4,472,784.97	40.40	-3.71
172	Ronda de Valencia 7	Interior M-30	Ronda	Valencia	7	440,515.09	4,472,991.66	40.41	-3.70
173	Ronda de Valencia 8 C1	Interior M-30	Ronda	Valencia	8	440,533.55	4,473,007.61	40.41	-3.70
174	Ronda de Valencia 8 C2	Interior M-30	Ronda	Valencia	8	440,533.55	4,473,007.61	40.41	-3.70
175	Av Ramón y Cajal 62 C1	Interior M-30	Avenida	Av Ramón y Cajal	62	443,393.05	4,478,177.23	40.45	-3.67
176	Av Ramón y Cajal 62 C2	Interior M-30	Avenida	Av Ramón y Cajal	62	443,393.05	4,478,177.23	40.45	-3.67
177	Av Valladolid 65	Interior M-30	Avenida	Valladolid	65	437,906.14	4,475,927.64	40.43	-3.73
178	C Sor Angela de la Cruz 16	Interior M-30	Calle	Sor Angela De la Cruz	16	441,152.29	4,478,973.33	40.46	-3.69
179	C Sor Angela de la Cruz 13 C1	Interior M-30	Calle	Sor Angela De la Cruz	13	441,112.99	4,478,968.98	40.46	-3.69
180	C Sor Angela de la Cruz 13 C2	Interior M-30	Calle	Sor Angela De la Cruz	13	441,112.99	4,478,968.98	40.46	-3.69
181	Av Asturias 66 C1	Interior M-30	Avenida	Asturias	66	440,744.67	4,480,383.90	40.47	-3.70
182	Av Asturias 66 C2	Interior M-30	Avenida	Asturias	66	440,744.67	4,480,383.90	40.47	-3.70
183	Av Asturias - Po Dirección C1	Interior M-30	Avenida	Asturias	0	440,659.43	4,480,442.19	40.47	-3.70
184	Av Asturias - Po Dirección C2	Interior M-30	Avenida	Asturias	0	440,659.43	4,480,442.19	40.47	-3.70
185	C Santa Engracia 46 C1	Interior M-30	Calle	Santa Engrancia	46	440,798.13	4,476,100.04	40.43	-3.70
186	C Santa Engracia 46 C2	Interior M-30	Calle	Santa Engrancia	46	440,798.13	4,476,100.04	40.43	-3.70
187	C Ferraz 30	Interior M-30	Calle	Ferraz	30	439,205.34	4,475,236.95	40.43	-3.72
188	Po Francisco de Sales 33 C1	Interior M-30	Paseo	Francisco de Sales	33	439,533.38	4,477,106.67	40.44	-3.71
189	Po Francisco de Sales 33 C2	Interior M-30	Paseo	Francisco de Sales	33	439,533.38	4,477,106.67	40.44	-3.71
190	Po Francisco de Sales 40 C1	Interior M-30	Paseo	Francisco de Sales	40	439,541.03	4,477,098.17	40.44	-3.71
191	Po Francisco de Sales 40 C2	Interior M-30	Paseo	Francisco de Sales	40	439,541.03	4,477,098.17	40.44	-3.71
192	Po Pintor de Rosales 64	Interior M-30	Paseo	Pintor de Rosales	64	438,625.72	4,475,823.04	40.43	-3.73
193	M30PK11.400C EXT C1	M-30	Carretera	M-30	0	442,277.55	4,471,085.92	40.39	-3.68
194	M30PK11.400C EXT C2	M-30	Carretera	M-30	0	442,277.55	4,471,085.92	40.39	-3.68
195	M30PK11.500L INT C1	M-30	Carretera	M-30	0	442,198.24	4,470,993.51	40.39	-3.68
196	M30PK11.500L INT C2	M-30	Carretera	M-30	0	442,198.24	4,470,993.51	40.39	-3.68
197	M30PK0.600C EXT C1	M-30	Carretera	M-30	0	442,852.80	4,481,075.52	40.48	-3.67
198	M30PK0.600C EXT C2	M-30	Carretera	M-30	0	442,852.80	4,481,075.52	40.48	-3.67
199	M30PK0.600C EXT C3	M-30	Carretera	M-30	0	442,852.80	4,481,075.52	40.48	-3.67
200	M30PK5.600L EXT C1	M-30	Carretera	M-30	0	444,063.49	4,476,350.49	40.44	-3.66
201	M30PK5.600L EXT C2	M-30	Carretera	M-30	0	444,063.49	4,476,350.49	40.44	-3.66
202	M30PK8.000L EXT C1	M-30	Carretera	M-30	8	444,063.49	4,476,350.49	40.42	-3.66
203	M30PK8.000L EXT C2	M-30	Carretera	M-30	8	444,063.49	4,476,350.49	40.42	-3.66
204	M30PK8.000L EXT C3	M-30	Carretera	M-30	8	444,063.49	4,476,350.49	40.42	-3.66
205	M30PK0.500C INT C1	M-30	Carretera	M-30	0	442,839.64	4,481,183.85	40.48	-3.67
206	M30PK0.500C INT C2	M-30	Carretera	M-30	0	442,839.64	4,481,183.85	40.48	-3.67
207	M30PK0.500C INT C3	M-30	Carretera	M-30	0	442,839.64	4,481,183.85	40.48	-3.67
208	M30PK4.100L INT C1	M-30	Carretera	M-30	0	443,791.67	4,477,846.00	40.45	-3.66
209	M30PK4.100L INT C2	M-30	Carretera	M-30	0	443,791.67	4,477,846.00	40.45	-3.66
210	M30PK6.800L INT C1	M-30	Carretera	M-30	0	444,002.07	4,475,190.82	40.43	-3.66
211	M30PK6.800L INT C2	M-30	Carretera	M-30	0	444,002.07	4,475,190.82	40.43	-3.66
212	M30PK3.500L EXT C1	M-30	Carretera	M-30	0	443,787.77	4,478,456.23	40.45	-3.66
213	M30PK3.500L EXT C2	M-30	Carretera	M-30	0	443,787.77	4,478,456.23	40.45	-3.66
214	M30PK2.400L EXT C1	M-30	Carretera	M-30	0	443,519.84	4,479,391.70	40.46	-3.67
215	M30PK2.400L EXT C2	M-30	Carretera	M-30	0	443,519.84	4,479,391.70	40.46	-3.67
216	M30PK2.400L INT C1	M-30	Carretera	M-30	0	443,412.35	4,479,506.63	40.46	-3.67
217	M30PK2.400L INT C2	M-30	Carretera	M-30	0	443,412.35	4,479,506.63	40.46	-3.67
218	M30PK3.300L INT C1	M-30	Carretera	M-30	0	443,690.59	4,478,613.37	40.46	-3.66
219	M30PK3.300L INT C2	M-30	Carretera	M-30	0	443,690.59	4,478,613.37	40.46	-3.66
220	A2PK4.750 ENT C1	M-30	Carretera	A-2	0	444,363.04	4,477,498.28	40.45	-3.66
221	A2PK4.750 ENT C2	M-30	Carretera	A-2	0	444,363.04	4,477,498.28	40.45	-3.66
222	M30PK6.700L EXT C1	M-30	Carretera	M-30	0	444,035.74	4,475,314.45	40.43	-3.66
223	M30PK6.700L EXT C2	M-30	Carretera	M-30	0	444,035.74	4,475,314.45	40.43	-3.66
224	M30PK9.600L EXT C1	M-30	Carretera	M-30	0	443,395.09	4,472,550.34	40.40	-3.67
225	M30PK9.600L EXT C2	M-30	Carretera	M-30	0	443,395.09	4,472,550.34	40.40	-3.67
226	M30PK9.200L INT C1	M-30	Carretera	M-30	0	443,593.85	4,473,273.48	40.41	-3.66
227	M30PK9.200L INT C2	M-30	Carretera	M-30	0	443,593.85	4,473,273.48	40.41	-3.66
228	A3PK5.000L ENT C1	M-30	Carretera	A-3	5	444,994.31	4,472,350.29	40.40	-3.65
229	A4PK5.300 ENT C1	M-30	Carretera	A-4	0	442,243.64	4,469,336.85	40.37	-3.68
230	A4PK5.300 ENT C2	M-30	Carretera	A-4	0	442,243.64	4,469,336.85	40.37	-3.68
231	M30PK13.200C EXT C1	M-30	Carretera	M-30	0	441,108.37	4,470,724.02	40.39	-3.69
232	M30PK13.200C EXT C2	M-30	Carretera	M-30	0	441,108.37	4,470,724.02	40.39	-3.69
233	M30PK13.200C EXT C3	M-30	Carretera	M-30	0	441,108.37	4,470,724.02	40.39	-3.69
234	Marques de Vadillo C1	M-30	Glorieta	Marques de Vadillo	0	439,271.02	4,472,116.92	40.40	-3.72
235	Marques de Vadillo C2	M-30	Glorieta	Marques de Vadillo	0	439,271.02	4,472,116.92	40.40	-3.72
236	A42PK2.700 ENT C1	M-30	Carretera	A-42	0	440,023.53	4,471,583.59	40.39	-3.71
237	A42PK2.700 ENT C2	M-30	Carretera	A-42	0	440,023.53	4,471,583.59	40.39	-3.71
238	Av Andalucia-Virgen Cruces C1	M-30	Avenida	Av Andalucia	0	441,150.89	4,469,986.83	40.38	-3.69
239	Av Andalucia-Virgen Cruces C2	M-30	Avenida	Av Andalucia	0	441,150.89	4,469,986.83	40.38	-3.69
240	A5PK3.400 ENT C1	M-30	Carretera	A-5	0	437,073.20	4,473,448.69	40.41	-3.74
241	A5PK3.400 ENT C2	M-30	Carretera	A-5	0	437,073.20	4,473,448.69	40.41	-3.74
242	M30PK19.400C EXT C1	M-30	Carretera	M-30	0	438,020.56	4,475,136.77	40.42	-3.73
243	M30PK19.400C EXT C2	M-30	Carretera	M-30	0	438,020.56	4,475,136.77	40.42	-3.73
244	M30PK22.400C EXT C1	M-30	Carretera	M-30	0	437,121.98	4,477,854.63	40.45	-3.74
245	M30PK22.400C EXT C2	M-30	Carretera	M-30	0	437,121.98	4,477,854.63	40.45	-3.74
246	M30PK22.400C EXT C3	M-30	Carretera	M-30	0	437,121.98	4,477,854.63	40.45	-3.74
247	M30PK24.700C EXT C1	M-30	Carretera	M-30	0	436,428.67	4,479,988.18	40.47	-3.75
248	M30PK24.700C EXT C2	M-30	Carretera	M-30	0	436,428.67	4,479,988.18	40.47	-3.75
249	M30PK24.700C EXT C3	M-30	Carretera	M-30	0	436,428.67	4,479,988.18	40.47	-3.75
250	M30 PK21.800C INT C1	M-30	Carretera	M-30	0	437,296.78	4,477,350.52	40.44	-3.74
251	M30 PK21.800C INT C2	M-30	Carretera	M-30	0	437,296.78	4,477,350.52	40.44	-3.74
252	M30PK28.700C EXT C1	M-30	Carretera	M-30	0	439,529.14	4,481,303.79	40.48	-3.71
253	M30PK28.700C EXT C2	M-30	Carretera	M-30	0	439,529.14	4,481,303.79	40.48	-3.71
254	M30 PK25.800C INT C1	M-30	Carretera	M-30	0	436,877.16	4,480,671.97	40.47	-3.74
255	M30 PK25.800C INT C2	M-30	Carretera	M-30	0	436,877.16	4,480,671.97	40.47	-3.74
256	M30 PK29.600C INT C1	M-30	Carretera	M-30	0	440,314.86	4,481,510.29	40.48	-3.70
257	M30 PK29.600C INT C2	M-30	Carretera	M-30	0	440,314.86	4,481,510.29	40.48	-3.70
